{
    "test_accuracy": 0.893491124260355,
    "f1_score": 0.9108910891089109
}